<?xml version="1.0" encoding="UTF-8"?>
<project-private xmlns="http://www.netbeans.org/ns/project-private/1">
    <editor-bookmarks xmlns="http://www.netbeans.org/ns/editor-bookmarks/2" lastBookmarkId="0"/>
    <open-files xmlns="http://www.netbeans.org/ns/projectui-open-files/2">
        <group>
            <file>file:/D:/work/Projects/Java/Final/PSRKS%20Exe/App/src/case_results.java</file>
            <file>file:/D:/work/Projects/Java/Final/PSRKS%20Exe/App/src/AdminPanel.java</file>
            <file>file:/D:/work/Projects/Java/Final/PSRKS%20Exe/App/src/managerPanel.java</file>
            <file>file:/D:/work/Projects/Java/Final/PSRKS%20Exe/App/src/messages.java</file>
        </group>
    </open-files>
</project-private>
